Word_Unique_ID	trigram_pred	kenlm_prob
QID1	are	25.207459245786197
QID2	two	20.988017443372947
QID3	in	37.86938022988868
QID4	going	169.50519237484573
QID5	the	135.68354830344006
QID6	is	160.84650704661993
QID7	be	132.1217453904673
QID8	be	164.83140328358715
QID9	the	243.8525514868697
QID10	island	205.36430933305363
QID11	thing	298.655893426054
QID12	is	354.4485556034276
QID13	and	370.1193811918584
QID14	the	388.50871765755244
QID15	two	354.2727297537535
QID16	was	306.1481281459092
QID17	a	265.7327623215864
QID18	the	305.8626636805471
QID19	ratings	266.0417694340234
QID20	to	321.0100461441194
QID21	i	291.3174072255008
QID22	man	276.48025638962554
QID23	tower	299.2968150769195
QID24	have	276.1984500975487
QID25	to	239.15442477763395
QID26	lot	230.60582859284085
QID27	and	251.9239644424908
QID28	a	244.07117873384937
QID29	and	222.1759090710278
QID30	i	214.7911717293203
QID31	have	210.8513105848617
QID32	do	197.85109945919663
QID33	the	187.65138307152066
QID34	to	175.24960136451654
QID35	the	160.55111537432842
QID36	the	168.78267223563807
QID37	flow	164.81732781950822
QID38	video	163.4878049698588
QID39	the	161.6314681360937
QID40	own	169.95659946920517
QID41	i	156.30737375373255
QID42	know	156.67012301883364
QID43	do	151.16929950455514
QID44	at	165.78391408266708
QID45	the	153.57078975558397
QID46	time	147.5148402566057
QID47	tower	161.56048815126977
QID48	was	160.25695585276264
QID49	face	152.2888948652173
QID50	the	153.57078975558397
QID51	full	155.98846342302926
QID52	and	164.9698561614346
QID53	writer	159.58842107115177
QID54	track	161.50570437843555
QID55	the	152.36451763645906
QID56	new	153.5396254024413
QID58	years	92.02201624232211
QID59	later	39.845414992621826
QID60	the	16.434908412295837
QID61	first	20.35089427082451
QID62	empire	24.005438852327096
QID63	and	44.99774310922672
QID64	martin	52.42902113301656
QID65	and	43.458857824160205
QID66	born	47.00091463585005
QID67	the	83.70809918207375
QID68	world	85.52980111614836
QID69	thing	119.46057345931708
QID70	activity	270.4792742828323
QID71	of	267.67394880012773
QID72	the	269.23044599898105
QID73	hair	252.11791026949055
QID74	to	278.96570639763644
QID75	it	290.7384711991704
QID76	was	242.6734696935619
QID77	the	225.80339212489585
QID78	he	220.62520696536998
QID79	was	189.8149806622746
QID80	the	185.40111224525913
QID81	i	163.2208651340861
QID82	the	166.02594407417644
QID83	stewart	206.56355600805043
QID84	the	180.28514531779757
QID85	about	208.31817235554166
QID86	and	193.37400739671205
QID87	the	190.60896095380258
QID88	and	181.23402932111824
QID89	i	177.1500090655809
QID90	and	177.75458112646385
QID91	best	179.2173302318386
QID92	i	188.88181654906995
QID93	was	222.74918730603673
QID94	evaporated	231.71876731910612
QID95	new	241.22542277408854
QID96	in	221.66660204596843
QID97	the	188.9275328182051
QID98	the	188.238015840212
QID99	and	211.60047810811375
QID100	i	209.733357492976
QID101	the	236.48361455474466
QID102	and	231.23044860608005
QID103	and	243.22235782700182
QID104	a	216.44563502021234
QID105	or	238.55280260160453
QID106	new	231.26828870770115
QID107	and	224.0377474666236
QID108	of	222.39124687189738
QID109	the	215.66374914121116
QID110	and	212.95222875216314
QID111	the	217.3754113228878
QID112	a	207.00289614707188
QID113	a	206.3279612914604
QID114	by	222.20854929196753
QID115	the	207.1572378400849
QID117	think	89.90885489318809
QID118	with	123.69755979473796
QID119	the	72.18289889115394
QID120	i	133.11902016850433
QID121	and	147.47244546741604
QID122	and	124.91648780707598
QID123	the	136.75069677058914
QID124	in	129.252780849059
QID125	i	104.81746155021223
QID126	and	116.0205822387494
QID127	and	156.94840706835424
QID128	the	129.18563641394542
QID129	new	123.79443773801013
QID130	and	146.25940930724647
QID131	and	122.92574317963567
QID132	the	127.36153936550244
QID133	both	142.02464218701618
QID134	the	157.43326659552702
QID135	and	143.54894225460635
QID136	the	125.97723564516274
QID137	and	141.92060068903754
QID138	the	138.00569485686165
QID139	column	135.238744853525
QID140	for	147.14786695665296
QID141	i	116.20236699314741
QID142	the	142.72258271778162
QID143	the	121.38916622430688
QID144	and	137.01343579846014
QID145	the	118.66069003258086
QID146	and	111.47502299871819
QID147	the	110.98509363949857
QID148	best	108.65319506892126
QID149	and	107.35117480646294
QID150	t	121.61269393352828
QID151	the	125.42090497425303
QID152	the	117.35401170443744
QID153	in	129.3191569392462
QID154	the	115.5645101645617
QID155	new	118.95462086580629
QID156	in	129.27900033706524
QID157	the	114.77166984657825
QID158	in	129.27900033706524
QID159	the	114.3889896898802
QID160	i	104.34282477932027
QID162	the	122.43568782367205
QID164	and	110.3851144548939
QID165	the	106.28662742286937
QID166	and	121.36230135290963
QID167	to	132.13443220439913
QID168	the	130.42604141467598
QID169	by	135.8687418340893
QID170	and	148.94966234188786
QID171	the	106.28662742286937
QID172	and	145.0636199026098
QID173	the	154.0545763973722
QID174	the	150.89454599861529
QID175	minnelli	1852.736607082457
QID176	not	718.5317253065097
QID177	the	261.4183005863932
QID178	way	259.2179122924311
QID179	idea	220.07793568678565
QID180	and	127.715851278401
QID181	the	143.34370981730953
QID182	was	147.79086746962574
QID183	a	121.64077910304924
QID184	with	185.5526953649694
QID185	album	158.28958003400166
QID186	tree	225.26788408289397
QID187	and	302.40115475035566
QID188	the	245.10966017893261
QID189	united	216.01866656581066
QID190	and	179.02919755199
QID191	the	155.34686389037938
QID192	a	155.05495039606313
QID193	a	146.16403540936736
QID194	to	147.15140561575726
QID195	the	130.458719506662
QID196	and	126.419943091345
QID197	the	124.53905006606983
QID198	new	124.04956117129267
QID199	in	143.64072898148356
QID200	in	204.40149110850868
QID201	the	183.43922844663516
QID202	face	180.84691543088013
QID203	and	159.16152829382614
QID204	the	174.79766156801568
QID205	party	201.36421644777386
QID206	to	237.99434393516316
QID207	i	262.38097558739116
QID208	was	246.25621223017356
QID209	she	244.73353967702835
QID210	same	242.76165875175647
QID211	of	233.54490809488627
QID212	to	213.38053452696334
QID213	life	213.45177022550422
QID214	a	208.40441051264256
QID215	little	196.59231864400118
QID216	bit	185.79216630443054
QID217	time	194.16001194355565
QID218	a	204.4327474392844
QID219	be	200.19716291725155
QID220	the	198.36454335262127
QID221	a	204.4327474392844
QID222	take	242.74476293499043
QID223	united	239.52098985856404
QID224	rhyme	251.54798646138315
QID225	the	241.71723704839806
QID226	moment	237.37558021814365
QID227	i	210.94839505013147
QID228	i	203.99847351361046
QID229	the	196.5678537249029
QID230	and	223.16845792468996
QID231	the	212.0104793554209
QID233	flowers	290.38205874173855
QID234	in	783.2284844656601
QID235	and	7037.954286618685
QID236	she	1871.5783945753246
QID237	on	1925.710680053482
QID238	the	805.6531196088321
QID239	united	577.4595629649481
QID240	the	317.1423737367066
QID241	was	220.77475151301283
QID242	a	175.75050064958833
QID243	in	267.3334510615235
QID244	he	176.43730828204968
QID245	was	150.2212419019078
QID246	at	133.46201698389353
QID247	and	130.14595618319746
QID248	the	114.74505091925325
QID249	other	112.91268401191942
QID250	of	116.21889792589648
QID251	a	114.92193018932169
QID252	with	147.83374494271283
QID253	a	136.98118509291544
QID254	i	141.234308574904
QID255	were	132.1402630899438
QID256	not	126.57890961486927
QID257	the	146.84096469369024
QID258	the	137.6794139553158
QID259	world	127.2769964312008
QID260	and	118.75669792451187
QID261	well	115.65337416687676
QID262	he	110.70234389498722
QID263	to	125.22507601060936
QID264	see	113.1042289118319
QID265	the	105.86225684316663
QID266	i	101.72028536846214
QID267	to	125.22507601060936
QID268	be	92.99984925136715
QID269	the	93.6058919122204
QID270	in	89.53826626622636
QID271	and	88.69209894141306
QID272	i	85.81243907051262
QID273	was	82.74748618469762
QID274	n	77.31572425493616
QID275	have	77.3702073909851
QID276	the	78.99434868744767
QID277	the	75.9549983225114
QID278	did	80.69311379292745
QID279	of	80.78884646317141
QID280	of	80.74786696388905
QID281	more	80.01811885874204
QID282	of	78.33991887273146
QID283	the	74.22953868321173
QID284	united	74.15997521810395
QID285	of	78.68535524492177
QID286	in	77.8423005895887
QID287	at	89.96778541558656
QID288	me	85.18903177474957
QID290	the	324.94176443617357
QID291	in	1537.874167077176
QID292	opened	3388.98641573185
QID293	towards	3512.745349396402
QID294	the	2634.096774803188
QID295	the	1377.4788907903642
QID296	the	1064.9523105471146
QID297	door	762.3597778667212
QID298	force	498.90042955529265
QID299	a	388.0042623887521
QID300	and	731.0737995245995
QID301	and	698.4836831142761
QID302	was	616.5446715572085
QID303	to	761.6912304205051
QID304	the	717.1916924873103
QID305	death	593.3315138987174
QID306	of	844.4440740207888
QID307	the	819.1032727915452
QID308	a	855.3495280358115
QID309	as	767.015768119305
QID310	the	652.8304879892793
QID311	room	587.6816777840613
QID312	the	471.2574923052635
QID313	was	417.73462273205206
QID314	n	364.29082516366805
QID315	have	335.94343906776686
QID316	what	304.9658075963399
QID317	i	279.2611142662542
QID318	film	277.8938202226903
QID319	hunter	310.0686457519593
QID320	a	291.01368524753
QID321	for	276.4010289324674
QID322	the	248.8884727631735
QID323	for	276.4010289324674
QID324	the	265.5068185404528
QID325	are	260.5633401912264
QID326	avoided	320.37577930171364
QID327	the	317.9784417769076
QID328	car	294.54276769491906
QID329	on	286.4451945220146
QID330	was	284.188739419879
QID331	was	292.4974588865415
QID332	to	307.06246713107265
QID333	be	310.7201866977401
QID334	a	289.6866800449642
QID335	the	305.12607344522445
QID336	the	384.2173978433858
QID337	man	367.98110435278295
QID338	bit	369.99906356393296
QID339	on	390.62317735074083
QID340	the	389.93135524960564
QID341	for	365.3892725693297
QID342	the	357.66580710824223
QID343	and	369.65940484034365
QID344	the	350.15830526009535
QID345	time	333.27110799845644
QID347	and	1253.845975190144
QID348	have	280.3382646711792
QID349	i	85.79160996296652
QID350	was	80.87198181755996
QID351	at	67.95881957937388
QID352	the	59.882742567904536
QID353	waist	65.40728832726444
QID354	as	157.29525253909563
QID355	the	138.5479081568326
QID356	time	137.35951781243156
QID357	faces	189.57250800504534
QID358	but	221.96902201823252
QID359	everything	172.34717952007625
QID360	else	143.14333894406414
QID361	going	125.47376096619517
QID362	i	121.58021296577171
QID363	the	134.99901051008587
QID364	two	117.8095554023252
QID365	of	131.46000770695412
QID366	the	134.99901051008587
QID367	united	108.44884087760947
QID368	different	119.71137443158929
QID369	and	124.88496181824797
QID370	built	115.09906736172533
QID371	and	130.92970840041252
QID372	and	147.6524202347591
QID373	the	138.8873017100996
QID374	half	137.04079841674044
QID375	days	130.03531013172002
QID376	and	147.6524202347591
QID377	trees	133.77784328697916
QID378	and	113.70958156783706
QID379	i	111.64356441761586
QID380	was	106.03831325248679
QID381	be	101.78080155638274
QID382	the	100.16757363475635
QID384	and	124.74880405922976
QID385	which	119.9206222754298
QID386	the	111.91197369108127
QID387	was	110.22422967166914
QID388	to	106.1687453302225
QID389	been	105.55324729790952
QID390	and	103.50868724538815
QID391	the	105.60798410783063
QID392	the	111.91197369108127
QID393	was	110.22422967166914
QID394	to	106.20337192035609
QID395	seen	105.12348964588637
QID396	in	101.40449436542636
QID397	but	93.54753597960682
QID398	for	94.09549965569941
QID399	one	95.42884566136142
QID400	dog	102.07881520822605
QID401	of	99.45434153212071
QID402	a	95.82770535612569
QID404	first	23.401637324864563
QID405	rights	79.44566239812461
QID406	and	54.909833935854216
QID407	be	43.68612009609994
QID408	a	66.37727482015316
QID409	a	66.27790350704687
QID410	few	46.22719704401084
QID411	town	52.148601328915
QID412	of	55.320411108035366
QID413	the	50.010492750220514
QID414	and	52.17687828110666
QID415	in	62.91051215946544
QID416	it	58.391709658560366
QID417	first	59.95535490635489
QID418	who	60.312681116595215
QID419	a	60.3753455391059
QID420	in	54.8595183192349
QID421	the	49.247516953922
QID422	use	61.90336530161516
QID423	the	65.88440687340032
QID424	and	87.15922084362694
QID425	to	131.5458490592049
QID426	do	141.16618638461725
QID427	in	127.08873133244197
QID428	the	119.93034518877246
QID429	numbers	124.59539704262275
QID430	of	109.57507118774365
QID431	money	103.21200219544365
QID432	and	99.12447313836996
QID433	the	87.64492812255969
QID434	water	95.9709980470523
QID435	added	99.83614099510194
QID436	in	109.17168924583174
QID437	the	108.86059704929073
QID438	drinking	122.05229335997217
QID439	and	122.06600873688939
QID440	the	140.23863025598055
QID441	negotiations	150.75625912467564
QID442	i	140.8852716808019
QID443	i	137.35849691468948
QID444	first	137.60443434799035
QID445	of	135.331382635069
QID446	a	142.6667347411101
QID447	like	147.24843568625548
QID448	the	141.7389163928165
QID449	be	149.5928761217652
QID450	the	164.8102806748415
QID451	problem	165.09573561002432
QID452	of	181.90659247460542
QID453	of	181.90659247460542
QID454	and	174.38146757909183
QID455	and	172.71529888309513
QID456	of	181.90659247460542
QID457	and	164.52941604380118
QID458	and	162.56971165695433
QID459	the	167.9000830938932
QID460	is	12.193485810858204
QID461	a	13.210508824127972
QID462	member	14.796682216122889
QID463	look	100.37038871221753
QID464	and	192.92458918860817
QID465	the	134.05289029322793
QID466	was	110.60358414314473
QID467	that	158.25832669784668
QID468	about	166.702802746899
QID469	the	137.0623667723123
QID470	first	345.64006830882613
QID471	arguments	542.927031754854
QID472	and	342.28557602259735
QID473	a	358.24710405266205
QID474	be	296.1380230092414
QID475	the	250.34447853561892
QID477	and	251.75162552003235
QID478	is	262.15968652302956
QID479	film	256.8732811070811
QID480	in	275.78698416084274
QID481	to	256.8670371124564
QID482	a	231.3196790658809
QID483	the	220.86237383844832
QID484	he	212.78784521068633
QID485	one	209.41991576817583
QID486	keeper	274.473325523003
QID487	been	274.3326666430609
QID488	seen	292.39772569524354
QID489	in	269.80815301611284
QID490	in	265.22439715820815
QID491	of	255.6785913116311
QID492	be	255.63272180352376
QID493	and	252.26289222670758
QID494	the	229.31767649909062
QID495	island	236.65541351899432
QID496	thunderstorm	234.0517231191255
QID497	lying	228.99097795851856
QID498	i	237.4690607115544
QID499	man	233.86478119515158
QID500	lighthouse	275.3815813373292
QID501	a	269.782109506924
QID502	to	282.20451959869035
QID503	to	273.0058083327994
QID504	be	258.76190384324485
QID505	and	254.49099902158977
QID506	i	241.7935818129154
QID507	on	267.29412859930864
QID508	the	246.56861247695764
QID509	and	255.06751270510034
QID510	a	249.73032504619732
QID511	village	240.32283234739174
QID512	species	249.19045443371837
QID513	to	255.02079945729028
QID515	new	64.60317442387299
QID516	and	370.85882840349785
QID517	that	1256.1912588478222
QID518	the	798.7535401798655
QID519	i	211.3055695052322
QID520	best	212.40791205803967
QID521	and	170.83100143039596
QID522	a	186.2241566597219
QID523	the	161.71873112260045
QID524	advance	197.19791767936636
QID525	i	95.04099962217254
QID526	m	85.5979071478232
QID527	and	77.97460945681489
QID528	a	79.45958976036111
QID529	the	80.88758993491129
QID530	and	62.51266553484677
QID531	about	63.002031459556655
QID532	the	64.83179774190904
QID533	he	54.23287947343832
QID534	i	66.46020024976723
QID535	or	77.46930123113246
QID536	i	108.88802585045292
QID537	the	104.83257643007832
QID538	m	118.0111216078058
QID539	and	111.34609386532252
QID540	the	102.97244183867441
QID541	best	101.6660921070909
QID542	and	102.82422653830996
QID543	a	107.21785406249988
QID544	and	109.47633870042753
QID545	the	102.97244183867441
QID546	best	102.74795719886386
QID547	and	102.6602658170922
QID548	the	103.46739366414498
QID549	best	87.39604842026255
QID550	i	80.24819893420737
QID551	the	91.55601025671028
QID552	a	87.2175668540248
QID553	a	80.54962446138094
QID554	and	89.08376918229361
QID555	is	92.40279387558066
QID556	and	91.9225171487973
QID557	the	91.20561243754018
QID558	and	93.75169055307106
QID559	the	95.70361777994165
QID560	and	91.9225171487973
QID561	the	101.34522680540515
QID562	and	105.84777095777872
QID563	and	106.21477743555614
QID564	be	108.38278533382203
QID565	the	104.343872227348
QID566	the	106.42116538585884
QID567	best	103.55077764450608
QID568	the	104.54170472521515
QID569	as	159.19382998092274
QID570	the	43.199066682057634
QID571	is	879.5288848486068
QID572	people	212.7640341518703
QID573	the	148.31313414223553
QID574	united	129.0885325020631
QID575	population	118.09759170622971
QID576	and	82.51367448171672
QID577	is	263.89600337323276
QID578	the	198.50701345250312
QID579	village	172.97129250287253
QID580	system	234.11885486087252
QID581	for	197.39071026188654
QID582	a	250.0634369894349
QID583	a	222.01946002778195
QID584	i	297.05696318197545
QID585	was	265.45021068357926
QID586	been	261.98453750292896
QID587	a	231.93452525621726
QID588	in	208.20118341746596
QID589	into	235.31575266217902
QID590	the	194.96273915651648
QID591	languages	211.89790540974118
QID592	or	255.08193241641226
QID593	box	249.5726932354863
QID594	and	250.71589855818712
QID595	other	229.93104594323913
QID596	countries	224.0836773992884
QID597	from	216.44819420751293
QID598	the	188.70564204583005
QID599	university	181.63718202806058
QID600	population	176.30167631388673
QID601	the	188.70564204583005
QID602	man	158.91232066298187
QID603	of	162.99371437062578
QID604	the	150.70108866952722
QID605	and	153.7832962470129
QID606	a	153.4512674144497
QID607	a	145.71964357907808
QID608	to	146.29868151989643
QID609	the	141.23550905389843
QID610	way	148.15558719918343
QID611	towns	167.0891274513884
QID612	of	160.24198131179512
QID613	the	153.2407930403011
QID614	other	151.403127581863
QID615	first	159.7167597946166
QID616	presence	173.42291149228976
QID617	of	164.66864372900804
QID618	a	162.47849503053249
QID619	to	169.24891187275128
QID620	cause	164.6318812278418
QID621	the	181.32001225770694
QID622	of	44.054742022771705
QID623	later	116.53105945157276
QID624	the	31.276152199203253
QID625	and	81.60034286167001
QID626	and	179.11799671239532
QID627	them	263.14874405407653
QID628	man	361.06888160615154
QID629	to	244.3781013860353
QID630	play	204.86034231099381
QID631	the	311.6783981563362
QID632	deck	235.71914394265133
QID633	of	184.52460727214773
QID634	the	166.3288599057691
QID635	first	158.85736925763004
QID636	and	171.40389314100076
QID637	the	146.0648425811925
QID638	new	157.99989009579494
QID639	of	158.41854589841486
QID640	the	138.0390985240983
QID641	he	178.99734670653203
QID642	was	158.2308748384001
QID643	over	160.68511464406993
QID644	the	136.68109269487834
QID645	arms	138.0693114155638
QID646	account	145.19480074347447
QID647	ballpark	168.19180145383018
QID648	international	164.99781001071483
QID649	night	154.86418970690514
QID650	him	161.09428210629983
QID651	be	152.11098540769243
QID652	from	152.02784415431879
QID653	name	149.0009370744833
QID654	body	150.96086411233443
QID655	of	171.18815072224822
QID656	and	156.0125177965415
QID657	i	150.40302950935143
QID658	the	146.55936615944938
QID659	average	146.02586948584943
QID660	feature	151.05255312281943
QID661	that	173.88763759508862
QID662	was	174.23938999201005
QID663	to	174.8228357229187
QID664	a	185.84404261318392
QID665	as	168.80069709224298
QID666	the	162.4346673556953
QID667	united	159.73057738395073
QID668	register	169.0329010859087
QID669	a	171.52657839746314
QID670	to	172.1081391034376
QID671	the	162.44896697686016
QID672	of	162.27891319484124
QID673	per	180.45884517652732
QID674	dylan	549.4310830312969
QID675	and	154.10766822656228
QID676	first	138.52547737258658
QID677	team	180.58424292973677
QID678	tour	129.32009000017246
QID679	golfers	99.78152574322773
QID680	list	75.34018180714824
QID681	from	71.41733410557406
QID682	a	77.13024618926119
QID683	other	93.8506365914263
QID684	years	96.66307278514952
QID685	and	84.73420349479724
QID686	the	119.67479473825375
QID687	needs	180.51843575113875
QID688	be	213.28189655880354
QID689	able	185.2366414716266
QID690	good	173.78351664058573
QID691	i	137.4195062950878
QID693	m	125.38434185191781
QID694	and	107.30590624478864
QID695	and	102.74107352338818
QID696	in	95.5873268809185
QID697	and	88.84226417026268
QID698	the	79.5210631579943
QID699	a	72.20709076388353
QID700	new	71.44725608383698
QID701	of	81.76978158009877
QID702	of	69.26009041129113
QID703	too	90.05417947029675
QID704	a	82.18723460924504
QID705	and	80.19729560039741
QID706	the	73.00938635015596
QID707	the	64.79812393851388
QID708	and	80.19729560039741
QID709	the	61.45409728374829
QID710	i	62.88911126300402
QID711	was	64.08857202324022
QID712	i	51.8469783601028
QID713	and	52.98710796053602
QID714	and	61.499208858279935
QID715	a	64.04499443494754
QID716	i	57.75484530346238
QID717	and	67.162831143006
QID718	and	64.09611741317765
QID719	he	67.21147116920069
QID720	the	73.96445524264966
QID721	he	73.2252434168148
QID722	the	73.67947132736575
QID723	m	74.09407079789221
QID724	and	74.04320673242762
QID725	the	71.0107000344931
Q2684	homicide	74.77006305782608
QID726	the	36.227095258966415
QID727	and	432.5716096807289
QID728	in	1291.2520627041963
QID729	and	533.8866965866879
QID730	and	1279.1238978122685
QID731	in	1546.6459110648595
QID732	in	1556.679016267743
QID733	me	1269.6969186055194
QID734	in	1910.8324307272412
QID735	exist	2186.7249437795276
QID736	by	2377.6468166277855
QID737	the	1487.783874450962
QID738	time	1176.8212450803787
QID739	use	1240.084449456474
QID740	in	2026.828482312108
QID741	and	1561.7313431524492
QID742	said	1758.8289991659062
QID743	working	1687.0677548050126
QID744	for	1331.9708670055538
QID745	to	1092.1091796510477
QID746	the	926.0005111249585
QID747	up	847.0825205454971
QID748	the	690.3635863204762
QID749	little	633.1747124829844
QID750	and	642.8926174374676
QID751	a	559.499338485707
QID752	them	545.5003630278263
QID753	i	439.41121935174584
QID754	the	414.60310287474425
QID755	massachusetts	391.7030732106893
QID756	i	390.53548366743695
QID757	and	391.8478828169134
QID758	i	371.6150792443021
QID759	to	402.35525715899985
QID760	a	387.0758595347039
QID761	the	402.3719808216101
QID762	and	435.0396329803155
QID763	and	363.04347294884695
QID764	the	340.8428348092524
QID765	the	341.33794938430367
QID766	and	364.56224186207214
QID767	the	361.04835049792064
QID768	and	363.04347294884695
QID769	the	321.3741917614881
QID770	the	301.7787424243056
QID771	a	296.9512524848446
QID772	and	364.56224186207214
QID773	the	287.1998400880933
QID774	in	303.6446767246713
QID775	and	322.321499364828
QID776	and	309.80233256405944
Q2685	best	294.8478414535173
QID777	and	1137.5004975867162
QID778	and	177.2502649711169
QID779	the	318.7609263533215
QID780	major	275.04516237338044
QID781	role	190.8342267992584
QID782	in	174.44123425313774
QID783	the	212.6948045984743
QID784	time	181.75700490190624
QID785	and	169.44578419492765
QID786	to	278.43756319420504
QID787	would	249.21913097331043
QID788	be	208.5762662174127
QID789	before	225.75668143169125
QID790	the	283.1219867479015
QID791	as	358.3506848405647
QID792	term	341.0848836141018
QID793	to	321.4727766555335
QID794	night	344.0672119979098
QID795	i	261.2041710000021
QID796	eyes	261.01905361004634
QID797	have	314.32973411853163
QID798	he	274.7879106219675
QID799	was	238.01396837247876
QID800	a	215.3014783111606
QID801	to	221.6180934785383
QID802	the	198.4346513083801
QID803	moment	191.33988794496355
QID804	of	186.4139679848937
QID805	sentence	218.24041502474424
QID806	in	235.79761674212335
QID807	the	237.46902040530296
QID808	the	243.46068129783856
QID809	position	238.5984829530077
QID810	i	214.43467473408234
QID811	was	250.1767527872156
QID812	born	231.00447588346546
QID813	on	221.03540326541614
QID814	10	240.07991848573255
QID815	and	235.470520491632
QID816	the	232.25343875422132
QID818	period	227.3348038373992
QID819	at	218.51634255358954
QID820	a	220.70659346417793
QID821	released	266.7243343903317
QID822	to	276.216739272144
QID823	be	262.76688636176
QID824	against	265.8438808786453
QID825	the	243.21958054401478
QID826	crowd	237.76218013153616
QID827	kind	245.19653055499353
Q2686	slam	260.2177227935234
QID828	locomotives	640.694324686186
QID829	is	902.261524878662
QID830	a	251.82590136860415
QID831	to	348.0346975127757
QID832	the	269.7064637848468
QID833	united	195.75133060003688
QID834	of	273.78348993666776
QID835	the	243.3573435095984
QID836	sciences	213.4346034552906
QID837	and	274.35302697658295
QID838	on	282.0312269127234
QID839	be	290.69561065808495
QID840	and	349.041196430058
QID841	i	301.50749659089337
QID842	not	282.9251796607909
QID843	for	348.43339130300313
QID844	the	276.74081761347105
QID845	animal	365.9312554125125
QID846	of	400.4344496861064
QID847	the	396.39600826583023
QID848	act	511.4713810613578
QID849	with	610.6334470131632
QID850	the	518.703075759574
QID851	diseases	502.92595249143386
QID852	the	491.1130283496217
QID853	man	455.75550272429746
QID854	of	513.7608499107813
QID855	a	464.1648454877249
QID856	to	496.42207730532897
QID857	a	437.44734307516796
QID858	in	512.6356423805207
QID859	the	443.320743020231
QID860	way	441.31844431681543
QID861	and	413.2090063900531
QID862	water	437.390096091961
QID863	the	404.0420055333282
QID864	man	385.5128529537236
QID865	and	400.7696314568296
QID866	is	373.8150693967862
QID867	be	366.9760792209375
QID868	a	375.1302579880333
QID869	a	377.02564237337367
QID870	by	401.1455713521767
QID871	the	399.97273184647776
QID872	the	377.891077850909
QID873	united	364.02122682010895
QID874	system	382.83421666639276
QID875	a	378.0577293481056
QID876	to	391.0716503215918
QID877	the	388.0547365265261
QID878	in	2917.501713878006
QID879	small	313.3870413848106
QID880	likely	265.92601066947867
QID881	and	302.55334847917874
QID882	the	158.51953106626326
QID883	and	209.60327004846
QID884	of	187.7907730102448
QID885	lot	258.59436735418717
QID886	eye	235.70580928315522
QID887	coach	187.26878292416302
QID888	a	168.15590238581626
QID889	one	178.99447810068418
QID890	to	188.39789221947225
QID891	a	155.32343011598925
QID892	of	163.24796107482
QID893	for	273.4423014171984
QID894	as	415.5792640279868
QID895	were	448.01253664714426
QID896	been	392.43668066072894
QID897	and	405.9203982885993
QID898	was	371.71019071841437
QID899	the	391.3098564188526
QID900	ability	412.3417057751561
QID901	to	333.59017432135556
QID902	make	311.2394281503057
QID903	and	302.83724978613327
QID904	and	434.70230036144795
QID905	i	453.61985569784235
QID906	are	568.8002261499735
QID907	have	592.5580920690924
QID908	a	520.9549562860874
QID909	times	567.7944559169501
QID910	and	530.3703521482008
QID911	first	512.0713628820915
QID912	town	514.9679310797616
QID913	in	516.6199086883447
QID914	were	491.4418534381687
QID915	up	454.770186107586
QID916	and	530.3703521482008
QID917	stairs	384.42397039747243
QID918	of	395.99304866474375
QID919	the	376.3580653781982
QID920	and	337.27001949135183
QID921	to	367.4787272628637
QID922	to	341.95476164638427
QID923	their	331.81849181595294
QID924	more	327.59272657574985
QID925	range	314.2921447372812
QID926	of	284.34432986362845
QID927	the	271.1909278642217
QID928	though	93.13534807773475
QID929	the	47.387620494349314
QID930	united	41.77293864521801
QID931	time	38.945368562674695
QID932	and	63.028599719595256
QID933	a	75.08336248848356
QID934	of	65.31013971991428
QID935	and	181.51513768707665
QID936	not	167.36977346361158
QID937	only	150.46177443100456
QID938	i	119.12635211175973
QID939	few	121.35789756796508
QID940	york	130.64919813807694
QID941	by	132.1746147800738
QID942	that	108.67711745285786
QID943	the	92.16880336342962
QID944	of	103.82645395242726
QID945	two	109.23871457461293
QID946	of	105.89538363207136
QID947	the	104.32191786709181
QID948	way	114.90198459233467
QID949	in	133.82948873687957
QID950	on	167.31988934298886
QID951	the	142.32305013105076
QID952	to	133.63850345579542
QID953	i	130.40124260991615
QID954	hurt	124.94151617826422
QID955	a	119.99838340347664
QID956	and	133.10129092037664
QID957	american	147.38101667040777
QID958	body	145.0489889968975
QID959	and	153.44330131130087
QID960	of	143.32113277421809
QID961	on	156.81663107464126
QID962	the	140.81930146557735
QID963	national	137.3026556359835
QID964	of	134.6257226067381
QID965	the	122.49732469636335
QID966	is	134.24034021692745
QID967	was	127.4286244012532
QID968	a	121.59544802931431
QID969	i	141.2646939504956
QID970	man	141.17861180164846
QID971	of	151.729365295341
QID972	been	152.7287392672302
QID973	access	170.0129884819589
QID974	for	162.3045695539832
QID975	the	151.17646669346158
QID976	and	163.91214092349912
QID977	the	83.31349088155645
QID978	first	76.50725773966093
QID979	of	205.94435180045048
QID980	are	229.20978191334032
QID981	and	1037.2971876418023
QID982	been	641.3196499010803
QID983	to	596.0224532533394
QID984	get	403.69551506843237
QID985	the	532.9063946466227
QID986	that	765.8692586452182
QID987	as	595.5519577143023
QID988	know	535.6458776645051
QID989	like	610.7629693315448
QID990	differently	620.0476180115426
QID991	this	522.8733471179521
QID992	institute	767.6986431248631
QID993	friend	654.4443721002004
QID994	affairs	690.5245534601829
QID995	of	744.0962819135802
QID996	and	645.2433105157249
QID997	i	632.1044960415803
QID998	that	761.1317465678718
QID999	nucleus	954.2818314008208
QID1000	are	881.4310089547976
QID1001	the	774.6195256423993
QID1002	to	697.0796299061556
QID1003	be	592.6099980817729
QID1004	a	525.8999234701944
QID1005	of	524.9613502707388
QID1006	the	488.2987448039747
QID1007	i	398.538290120534
QID1008	have	532.2555466031747
QID1009	be	592.578066503878
QID1010	be	589.6560964002812
QID1011	the	591.4384760931966
QID1012	certainty	565.3714425993942
QID1013	of	525.3535966339662
QID1014	that	512.4296617095127
QID1015	the	491.180307264397
QID1016	are	473.92226470920394
QID1017	are	473.7479416083022
QID1018	be	451.75248566128107
QID1019	in	487.01466569645953
QID1020	a	452.78754309684376
QID1021	and	438.36574156640336
QID1022	and	378.68479747382594
QID1023	the	368.49232317389186
QID1024	and	402.76815706418455
QID1025	room	381.6298043846788
Q2688	temperature	345.08743009911313
QID1026	was	1194.726785167903
QID1027	n	687.0587157201403
QID1028	have	279.20094963241013
QID1029	the	201.23516785322354
QID1030	and	98.96394407653433
QID1031	i	77.64024358724839
QID1032	was	60.71434119474699
QID1033	the	99.83390722574634
QID1034	to	113.29122454359347
QID1035	with	98.82750134661659
QID1036	the	81.45455487960358
QID1037	united	79.31579891612064
QID1038	and	77.18568524872819
QID1039	the	90.46004542027508
QID1040	in	99.75182833145898
QID1041	the	86.0326441147495
QID1042	the	86.0326441147495
QID1043	was	67.75837176923726
QID1044	a	63.32671796248576
QID1045	member	60.45514461931014
QID1046	and	81.95923005368452
QID1047	and	70.11070979949717
QID1048	in	89.73143628081552
QID1050	precision	120.74120883792337
QID1051	the	113.62959203974795
QID1052	of	120.57459895506355
QID1053	international	118.84023817881852
QID1054	a	124.33025041980989
QID1055	and	140.68095928268065
QID1056	the	129.9855592299803
QID1057	i	137.69685981878058
QID1058	least	134.69977636738028
QID1059	time	136.52501210183564
QID1060	amount	138.7400164116357
QID1061	period	135.25678198377045
QID1062	day	134.24162653820207
QID1063	and	132.8139043290464
QID1064	next	136.25095026812326
QID1065	river	151.27354425944094
QID1066	into	167.71848227593986
QID1067	and	158.71723332085188
QID1068	and	177.17690137753058
QID1069	started	171.98079085928313
QID1070	and	162.4098112924511
QID1071	the	154.51614352233526
QID1072	in	175.83853387917753
QID1073	a	170.9131074199458
QID1074	are	70.42101246802117
QID1075	and	44.467203486476706
QID1076	and	321.1292879909493
QID1077	a	308.27716154281535
QID1078	to	476.2538085898
QID1079	think	319.86149846659913
QID1080	up	293.62808806267
QID1081	with	184.87708596006033
QID1082	the	144.63161474242295
QID1083	and	294.85346825309443
QID1084	have	248.890976574909
QID1085	the	348.83406411028085
QID1086	i	509.25847683029724
QID1087	i	593.3417158280795
QID1088	first	544.0251973423663
QID1089	of	449.7200558472086
QID1090	not	437.3157667990591
QID1091	in	374.70822836255553
QID1092	of	412.919469404468
QID1093	and	370.80535497170916
QID1094	first	359.3667336871254
QID1095	to	359.95969352969985
QID1096	and	370.80535497170916
QID1097	united	286.04151710882275
QID1098	of	267.207296419994
QID1099	the	228.32612335048432
QID1100	health	274.7455294774859
QID1101	and	288.1660988364525
QID1102	a	271.625535703688
QID1103	result	250.09276809058224
QID1104	for	278.062883976989
QID1105	that	293.69257341206213
QID1106	used	288.2066600210809
QID1107	the	269.4400089952456
QID1108	of	264.23218984724946
QID1109	the	233.47037096875184
QID1110	united	226.72424533573195
QID1111	time	214.84864149785193
QID1112	pathways	253.54582307609635
QID1113	called	274.1264874609201
QID1114	the	276.45079203880044
QID1115	by	304.32530487584046
QID1116	the	276.75832100608034
QID1117	health	308.0877863253118
QID1118	of	331.2819775389266
QID1119	a	322.37692811240186
QID1120	the	354.18384068079064
QID1121	estate	370.2463922237617
QID1122	only	121.10087674867898
QID1123	the	58.770082050885186
QID1124	and	298.8236673506684
QID1125	from	212.80122747782474
QID1126	of	115.2071437330918
QID1127	the	69.34545396202708
QID1128	i	55.89098863894179
QID1129	was	52.088328045857615
QID1130	a	65.63443273272608
QID1131	from	81.00650663031048
QID1132	books	112.20358422386217
QID1133	and	106.63218244857184
QID1134	the	107.84396578899556
QID1135	long	114.12279804816302
QID1136	and	189.52381200404287
QID1137	n	235.53230164800883
QID1138	same	237.886324546903
QID1139	and	273.83835544607626
QID1140	like	294.00896224369797
QID1141	the	288.3907208325613
QID1143	and	378.70169439401974
QID1144	might	377.6587513168028
QID1145	were	379.74806205481144
QID1146	not	350.7622938795785
QID1147	decorated	469.7319245736037
QID1148	i	567.3249237111397
QID1149	man	533.2950486184363
QID1150	of	551.7077594285688
QID1151	to	677.0951073807637
QID1152	and	644.736195263199
QID1153	the	578.5037964634646
QID1154	the	554.8440676498052
QID1155	by	545.2804778516464
QID1156	original	524.7228188871406
QID1157	the	563.37035368671
QID1158	were	527.1944362245966
QID1159	at	505.36616333827646
QID1160	the	481.2779171461045
QID1161	and	492.7999093111254
QID1162	the	457.92791551171183
QID1163	that	465.36502576603806
QID1164	song	455.4101543953408
QID1165	in	487.0567708065688
QID1166	that	465.36502576603806
QID1167	united	416.3940669002171
QID1168	years	430.42368032078514
QID1169	the	36.24658071203149
QID1170	new	65.82446673687564
QID1171	of	139.15632493227702
QID1172	been	152.37983996416293
QID1173	the	226.42963259415492
QID1174	the	155.23343616677838
QID1175	own	167.74595324963173
QID1176	to	307.2517482794467
QID1177	comes	564.8715368825258
QID1178	cones	415.5257074899497
QID1179	star	787.6957277701683
QID1180	at	999.492027821291
QID1181	with	943.2689372138614
QID1182	the	898.7122394459294
QID1183	professor	852.306177804423
QID1184	he	544.3656417108978
QID1185	first	506.9921426876705
QID1186	of	540.444002774004
QID1187	be	513.9907483507062
QID1188	with	672.2362549006453
QID1189	that	675.7461251086363
QID1190	that	618.6727547824415
QID1191	the	534.1361571294303
QID1192	of	574.4754512980276
QID1193	is	674.4935434456555
QID1194	be	596.4776376901181
QID1195	her	796.8038109193982
QID1196	connected	1074.951462679182
QID1197	the	895.0239316634393
QID1198	own	938.0539397939986
QID1199	flowers	988.1984028875462
QID1200	and	1028.7909606460682
QID1201	a	1070.1733340990957
QID1202	new	955.0892970850788
QID1203	recent	961.819244751762
QID1204	and	891.1704091046577
QID1205	of	968.697381097795
QID1206	is	933.202542692057
QID1207	the	936.5056192845915
QID1208	with	851.7400675561813
QID1209	the	790.6641495842389
QID1210	city	740.7031047224394
QID1211	and	795.7039766761575
QID1212	force	724.3292177659931
QID1213	first	683.4369009495671
QID1214	of	646.7035742280826
QID1215	the	589.8527054974647
QID1216	systems	2074.8584229673465
QID1217	market	366.1692920414724
QID1218	been	226.34325700896153
QID1219	lot	211.93076229363058
QID1220	of	299.4788812170242
QID1221	surrounded	309.70659121997994
QID1222	me	348.56844175720585
QID1223	and	861.0989975204509
QID1224	they	982.4234004441726
QID1225	about	1223.7135706711347
QID1226	the	927.686393149762
QID1227	families	913.4785373289355
QID1228	and	888.2692714418461
QID1229	the	983.0297942995018
QID1230	about	912.3980232938486
QID1231	the	713.564191715868
QID1232	being	560.9846245021953
QID1233	anything	476.2678053969946
QID1234	well	444.232453548299
QID1235	as	348.9280407085371
QID1236	the	342.0799884781767
QID1237	the	351.6169214328174
QID1238	world	303.53952177556977
QID1239	the	259.03619315609586
QID1240	were	234.7319061407062
QID1241	have	244.49622003404792
QID1242	the	264.2834357961223
QID1243	than	230.44964297686013
QID1244	more	225.86802994368446
QID1245	half	251.91716101827245
QID1246	york	243.0046412962128
QID1247	from	234.2270153565199
QID1248	the	205.3923951098637
QID1249	university	197.44338188481174
QID1250	first	194.34205716888377
QID1251	and	214.75421919220202
QID1252	of	250.19309897094655
QID1253	the	229.88026744557828
QID1254	scientists	221.58193362677963
QID1255	and	209.27231166734737
QID1256	that	218.77244066949365
QID1257	should	238.15992313608854
QID1258	the	243.7483368018278
QID1259	have	235.03105040520742
QID1260	into	249.23716528890682
QID1261	hands	255.56307595988724
Q2689	worth	234.84762939953265
QID1262	first	23.401637324864563
QID1263	mother	75.66014153060715
QID1264	and	105.02781276986941
QID1265	bare	85.51947184444634
QID1267	them	456.1998418518949
QID1268	though	842.3948530421943
QID1269	around	822.8194809397495
QID1270	a	529.5831683977987
QID1271	but	293.15226066936714
QID1272	the	340.6988781746645
QID1273	to	258.74975297365205
QID1274	and	481.95847827871415
QID1275	the	414.16304370274287
QID1276	the	434.65958545936167
QID1277	and	403.7148128332413
QID1278	the	384.8400192157209
QID1279	first	346.7784822310436
QID1280	of	371.82537917078247
QID1281	and	468.0128034100936
QID1282	with	514.848884970832
QID1283	a	478.93759678488226
QID1284	own	514.9106059258029
QID1285	home	472.9883717202531
QID1286	it	513.887802229425
QID1287	he	572.1854691436286
QID1288	and	1060.6359593899458
QID1289	and	660.8769565626992
QID1290	n	649.713887796068
QID1291	and	680.2101138664444
QID1292	the	607.6678363083696
QID1293	and	660.8897145523222
QID1294	in	657.6871821876582
QID1295	the	584.7425827948931
QID1296	in	715.1631041412959
QID1297	become	723.3572496619421
QID1298	a	677.6902961701355
QID1299	good	631.4181634475121
QID1300	of	606.3475476671035
QID1301	the	559.2073325279778
QID1302	and	469.9814055606255
QID1303	i	436.60380568009344
QID1304	injury	451.7134021331877
QID1306	of	419.693117385743
QID1307	the	493.8782789041146
Q2690	war	459.88183788459315
QID1308	example	104.80371616564723
QID1309	age	58.0035104325204
QID1310	for	218.69230296767472
QID1311	be	127.64868635376826
QID1312	a	94.70468136910026
QID1313	the	108.52326957513445
QID1314	a	85.65497827178925
QID1315	that	66.70541734386005
QID1316	other	74.14363782531888
QID1317	river	153.32792613915228
QID1318	and	306.7500322837324
QID1319	thought	295.30426316023426
QID1320	allowed	275.05435159252494
QID1321	until	254.69764703956668
QID1322	the	356.6649222417861
QID1323	for	452.77734303245967
QID1324	the	418.31619419604226
QID1325	door	375.058566140883
QID1326	cream	370.9498052406474
QID1327	the	343.13503174805703
QID1328	room	315.0307286909112
QID1329	and	260.30929359050015
QID1330	was	233.2251715215584
QID1331	the	242.59416978991572
QID1333	bottle	283.0027615420148
QID1334	would	277.85313232997436
QID1335	known	282.21681466480885
QID1336	to	297.161090457385
QID1337	be	266.0813870768365
QID1338	increase	296.6324099796278
QID1339	the	257.53081810146574
QID1340	eliminate	248.32223450865035
QID1341	the	220.36112760711902
QID1342	possibility	228.56320363420835
QID1343	of	231.80154172727842
QID1344	could	216.9565502807853
QID1345	be	209.64309386784814
QID1346	in	208.23924351393802
QID1347	the	193.99030913302687
QID1349	jet	272.5706422112912
QID1350	and	325.992799722608
QID1351	and	293.7373281645513
QID1352	said	390.3598615378802
QID1353	little	295.41660587322514
QID1354	but	96.80948857392366
QID1355	i	64.40221925960168
QID1356	if	80.43892142202523
QID1357	than	76.79808018769174
QID1358	and	74.11904987082723
QID1359	a	78.53085418932379
QID1360	only	77.22839010953226
QID1361	of	107.00455272426441
QID1362	the	96.64736652428613
QID1363	bilbao	164.28981493099903
QID1364	i	166.6168910404857
QID1365	he	161.3697084315711
QID1366	the	162.76911842804122
QID1367	and	289.51677777346487
QID1368	play	268.9260975942327
QID1369	of	225.09015591076846
QID1370	the	224.58403189939946
QID1371	national	210.37111327090977
QID1372	and	195.037765806194
QID1373	in	237.3538542463323
QID1374	form	228.26927707769062
QID1375	of	251.87822347414084
QID1376	disabilities	260.59252630612065
QID1377	of	306.84956121396726
QID1378	the	298.80785037295664
QID1379	united	277.6862664821579
QID1380	of	290.71717525729184
QID1381	is	314.3727007013204
QID1382	not	281.4585840237574
QID1383	identical	294.2141348118892
QID1384	much	270.7353824858074
QID1385	as	258.48373634598516
QID1386	week	262.6558238817192
QID1387	experience	290.23326827090517
QID1388	to	297.5791377200162
QID1389	a	294.3475630486731
QID1390	being	333.46452789462455
QID1391	hurt	368.3846446358586
QID1392	on	337.9262956265592
QID1393	i	297.76459468713256
QID1394	on	337.9262956265592
QID1395	was	264.69534758489544
QID1396	have	243.30818437935406
QID1397	the	240.88479154815937
QID1398	new	64.60317442387299
QID1399	to	94.84044013690276
QID1400	passed	82.45137375699385
QID1401	by	64.63894093084086
QID1402	signed	93.83761959343185
QID1403	the	91.18707412650488
QID1404	the	75.72540168633894
QID1405	in	93.54367906687533
QID1406	times	133.67775725990782
QID1407	in	106.23030091692969
QID1408	i	111.38531876609235
QID1409	with	144.5799686120797
QID1410	the	119.3193385649837
QID1411	success	122.61251486996272
QID1412	and	120.7004864147324
QID1413	in	139.04806596629567
QID1414	the	118.91116053325764
QID1415	they	157.17278385674854
QID1416	the	148.96546132063273
QID1417	the	140.73353760597533
QID1418	the	137.44260719420205
QID1419	was	129.3224279408529
QID1420	a	119.54135951621814
QID1421	to	115.11557186316477
QID1422	the	103.88330086310323
QID1423	and	126.3116426323643
QID1424	in	141.22230556803515
QID1425	be	150.3841851433181
QID1426	to	165.03812212169632
QID1427	the	159.6180707776615
QID1428	national	154.5473969710237
QID1429	of	149.98722104120512
QID1430	the	159.6180707776615
QID1431	death	139.24601872864653
QID1432	round	145.99491527836742
QID1433	of	144.8473751819744
QID1434	the	135.43432970781
QID1435	2016	137.07595926262712
QID1436	may	128.45133999016116
QID1437	to	140.19764632968693
QID1438	the	149.88930130748156
QID1439	war	143.80288538783552
QID1440	time	137.8377125413068
QID1441	of	142.1956697801083
Q2691	the	134.42968414620145
QID1442	the	36.24658071203149
QID1443	in	370.8871968819562
QID1444	in	464.07845419901474
QID1445	the	394.082507804261
QID1446	island	916.3188552945126
QID1447	and	277.1681361612464
QID1448	population	287.76655912668105
QID1449	similar	564.0197695559159
QID1450	from	396.3032763631923
QID1451	in	598.5677014256268
QID1452	a	586.8012244578523
QID1453	from	568.8903781263659
QID1454	a	423.6572753068693
QID1455	university	388.33002748119935
QID1456	of	345.46755763155596
QID1457	the	272.51942631229923
QID1458	edition	355.83844444764264
QID1459	resources	344.2161823273616
QID1460	and	239.88704248825965
QID1461	and	226.32341806411168
QID1462	the	200.1521080030786
QID1463	the	244.94597020435518
QID1464	the	258.3991722265621
QID1465	years	234.63988809120391
QID1466	year	223.04016463359062
QID1467	the	258.3991722265621
QID1468	population	210.23523626328972
QID1469	population	202.84146152961463
QID1470	was	183.45397846001745
QID1471	the	177.0713002677045
QID1472	children	197.97927274342564
QID1473	years	196.94522432054032
QID1474	so	191.74629122233517
QID1475	i	182.5473056436316
QID1476	the	180.65023990834894
QID1477	being	207.43853898694064
QID1478	the	204.16488941616137
QID1479	the	190.7582893756613
QID1480	powers	221.59650868679384
QID1481	on	250.39151641239636
QID1482	the	246.0606584250943
QID1483	the	204.16488941616137
QID1484	the	266.84827092511284
QID1485	labor	300.22344950080503
QID1486	drinking	1773.4526174314599
QID1487	and	296.14009939481605
QID1488	be	197.0366799151444
QID1489	be	127.6194818279824
QID1490	the	178.67014474432472
QID1491	him	222.67376714652553
QID1492	be	191.36825127708923
QID1493	a	205.47810191479826
QID1494	the	266.72793132807556
QID1495	damage	410.10781599485546
QID1496	and	242.4438264344575
QID1497	well	209.7350805538669
QID1498	used	281.8412638299024
QID1499	and	226.35762019407264
QID1500	new	236.18172971023063
QID1501	york	215.68858897394674
QID1502	species	244.72350814790352
QID1503	in	246.61833263552745
QID1504	i	199.55232365981144
QID1505	i	189.55638258923898
QID1506	was	166.76952785490937
QID1507	be	160.60472380467664
QID1508	the	184.25859955898096
QID1509	austerity	208.52507285350643
QID1510	on	257.9494104293202
QID1511	the	225.32646055560963
QID1512	united	210.8151224296746
QID1513	and	222.4714592311925
QID1514	the	204.39743246971435
QID1515	the	225.04056731620858
QID1516	of	231.5364902801024
QID1517	the	207.48348826548724
QID1518	new	209.25389757829382
QID1519	hormone	235.76083381163485
QID1520	is	220.23716966733878
QID1521	with	242.93305003144076
QID1522	the	217.9695561189282
QID1523	cancer	239.462439241222
QID1524	and	252.8985240440246
QID1525	to	270.53539936548464
QID1526	the	244.88841176530022
QID1527	and	262.2194181156003
QID1528	teaching	247.54872132160563
QID1529	the	36.24658071203149
QID1530	for	182.45700118341847
QID1531	leave	110.10104450664241
QID1532	on	175.79401359194114
QID1533	the	96.10144366132145
QID1534	the	90.68941246433113
QID1535	own	111.45941426294974
QID1536	room	139.10568498675457
QID1537	and	80.79281399361953
QID1538	of	93.7054568600892
QID1539	flyer	168.2933218423774
QID1540	and	159.84441888033825
QID1541	of	281.3904056059893
QID1542	in	247.36402246719223
QID1543	own	253.64716091470154
QID1544	to	344.96685623017163
QID1545	stone	324.4681283663733
QID1546	and	336.4418550714605
QID1547	the	300.20435777737396
QID1548	national	276.6971190260067
QID1549	and	290.93448754474497
QID1550	and	232.44531687331713
QID1551	was	218.5745582723083
QID1552	be	207.11250985018626
QID1553	it	196.71645108787143
QID1554	more	190.5118345791912
QID1555	to	180.42799139473158
QID1556	you	181.7806165017832
QID1557	and	251.66821076523146
QID1558	be	247.09101005231813
QID1559	i	254.83913994798465
QID1560	than	266.3049403352355
QID1561	from	304.436696742362
QID1562	in	387.0547213252768
QID1563	their	388.8484456994972
QID1564	and	359.7392679530669
QID1565	the	354.84422969655145
QID1566	their	388.8484456994972
QID1567	on	359.64601953737287
QID1568	the	333.9959109846354
QID1569	university	320.43170471761346
QID1570	and	326.0084696620672
Q2692	and	311.1242832377023
QID1571	the	12.444696025478272
QID1572	way	105.50606887664559
QID1573	bodies	1551.931932394322
QID1574	and	2004.730485599264
QID1575	and	4041.5177882098064
QID1576	a	2510.9439423814115
QID1577	been	2402.595835777252
QID1578	a	1633.319173165588
QID1579	first	1263.3136101506805
QID1580	week	876.7976680604979
QID1581	was	1096.05756088605
QID1582	the	769.2741704764617
QID1583	world	558.4353608352216
QID1584	was	568.0479469017389
QID1585	the	619.0283984234044
QID1586	elected	569.0736685317338
QID1587	by	517.6993243336046
QID1588	and	961.5941017301332
QID1589	of	799.4116096861094
QID1590	and	728.6395855294843
QID1591	the	621.3186568706888
QID1592	i	713.5825379042246
QID1593	he	704.3729601556399
QID1594	article	868.915166626268
QID1595	and	703.352943540865
QID1596	first	661.7024060699058
QID1598	eyes	751.4927153792801
QID1599	laser	845.3852880964997
QID1600	and	935.1057478363484
QID1601	a	835.5089030320829
QID1602	only	783.8431496722662
QID1603	one	700.7488323103064
QID1604	that	731.6104804282778
QID1605	the	634.512616375313
QID1606	own	644.9339392139127
QID1607	system	584.9502192759834
QID1608	and	540.6241347598893
QID1609	the	509.7939610992122
QID1610	a	471.1916632631507
QID1611	by	480.28312204258367
Q2693	the	437.0823964078149
QID1612	the	36.24658071203149
QID1613	and	86.29754475057021
QID1614	new	148.06854168371265
QID1615	spray	310.7966486238867
QID1616	resources	259.2713107054853
QID1617	to	244.87211237298035
QID1618	to	176.84614462342003
QID1619	be	134.03704213973694
QID1620	the	151.9131903165438
QID1621	and	103.85224004082077
QID1622	my	182.81045837661978
QID1623	wounds	188.68920764851143
QID1624	and	242.66145084479965
QID1625	the	208.35645809786914
QID1626	paint	289.8865544428174
QID1627	little	273.20301088662393
QID1628	weed	236.96504552223374
QID1629	he	222.169021464487
QID1630	was	211.67517350190585
QID1631	for	236.90278153441437
QID1632	the	251.82806016024787
QID1633	new	247.35227876228205
QID1634	and	282.9092043403071
QID1635	the	251.82806016024787
QID1636	maximum	341.11374606463374
QID1637	gas	365.9955661515332
QID1638	of	346.77432122151066
QID1639	the	342.31188543969535
QID1640	united	318.215259073704
QID1641	and	295.0892068336121
QID1642	i	277.9576256068238
QID1643	a	237.48221331680122
QID1644	a	221.85525360369436
QID1645	a	215.94545755973257
QID1646	as	219.39598052570497
QID1647	it	227.51436521311487
QID1648	with	219.4037724915793
QID1649	and	205.486337256653
QID1650	go	200.84038312070425
QID1651	but	184.53897508656092
QID1652	american	189.33671775260666
Q2694	train	202.95561460428905
QID1653	mary	723.2448579239496
QID1654	born	88.12054629657217
QID1655	channel	72.23553863680148
QID1656	on	68.11798737719938
QID1657	published	81.7541708363053
QID1658	for	62.68680315784078
QID1659	i	141.30289574469205
QID1660	man	148.94615369627112
QID1661	of	195.91363685458626
QID1662	as	245.9555741345564
QID1663	the	254.596993886187
QID1664	film	242.85951472352687
QID1665	of	239.7681532120718
QID1666	lifted	219.36392389953542
QID1667	to	181.67569953063503
QID1668	i	178.0306385926227
QID1669	best	205.65282053918708
QID1670	the	217.38318730126417
QID1671	and	226.21101854213558
QID1672	of	222.34624115443705
QID1673	the	195.36999258517622
QID1674	the	173.65807270008153
QID1675	and	185.23753373062894
QID1676	i	143.47103165457824
QID1677	best	145.2741061858724
QID1679	by	163.97900473729916
QID1680	the	196.98519819191978
QID1681	to	218.26184081962006
QID1682	the	200.346993603316
QID1683	i	152.36221057742802
QID1684	by	163.97900473729916
QID1685	the	214.58870798328326
QID1686	to	218.26184081962006
QID1687	the	222.92458097536093
QID1688	the	216.05092537965902
QID1689	and	239.57296807554945
QID1690	the	252.9020642343903
QID1691	and	265.03371956765824
QID1692	and	293.4294996540232
QID1693	first	23.401637324864563
QID1694	to	245.84429069092914
QID1695	the	156.9575404414293
QID1696	private	143.89369449093365
QID1697	price	360.5067293701716
QID1698	arm	1291.0598718760652
QID1699	and	718.2128103574456
QID1700	the	458.19055665535933
QID1701	to	392.9710364472415
QID1703	asteroid	1052.284543799187
QID1704	and	1251.8629762410246
QID1705	with	1679.1009315596946
QID1706	a	1256.69202471674
QID1707	all	1391.108600099313
QID1708	years	1139.7119980704626
QID1709	of	1077.7511308748951
QID1710	coal	885.7100344405587
QID1711	up	1133.5484557669374
QID1712	and	1064.9397143619358
QID1713	the	898.0313950962475
QID1714	countries	879.4522771043621
QID1715	agencies	877.6892098996287
QID1716	and	848.167190646185
QID1717	i	1003.3181895792932
QID1718	was	864.8497942967978
QID1719	a	754.3155309953827
QID1720	first	652.8174754859338
QID1721	time	612.3667807843016
QID1722	was	645.7636892375912
QID1723	with	734.2057802428575
QID1724	the	685.8090643784532
QID1725	time	635.5019746796646
QID1726	and	703.3145740947256
QID1727	the	623.0229792788701
QID1728	wagon	599.0537902409576
QID1729	and	529.6073350001467
QID1730	about	550.4201425922364
QID1731	thousand	561.4469686823852
Q2695	and	608.8957611621698
QID1732	in	1090.3021615671175
QID1733	was	2682.744606662225
QID1734	a	1074.1507242360963
QID1735	husband	689.4283705225722
QID1736	to	674.9228789792122
QID1737	the	304.8473037546271
QID1738	and	341.5061446591864
QID1739	matter	454.12244350364114
QID1740	in	653.9018566401417
QID1741	the	558.5029736826951
QID1742	own	453.6451513178642
QID1743	and	373.92471345048415
QID1744	you	418.88206916304813
QID1745	that	478.5364632212447
QID1746	to	444.77869906561506
QID1747	be	374.36634373803986
QID1748	on	444.04266233374364
QID1749	money	551.4785782614192
QID1750	the	582.2111771490281
QID1751	new	580.3428603868712
QID1752	of	523.0314379638742
QID1753	grass	458.83978942185377
QID1754	and	674.0043989857187
QID1756	on	849.4309909341297
QID1757	the	751.3023836421562
QID1758	a	624.2951704938819
QID1759	lot	563.3183253709253
QID1760	girl	569.9359908807327
QID1761	in	557.6508256744321
QID1762	of	554.2856705312812
QID1763	is	625.3813264902915
QID1764	be	576.8326543127033
QID1765	be	576.6416646794456
QID1766	worse	544.0327531982258
QID1767	than	518.1922226081498
QID1768	than	494.6380893944139
QID1769	here	550.8890785109154
Q2696	world	516.590994110326
QID1770	and	335.0243623798414
QID1771	and	574.8643189256118
QID1772	me	804.3822959621822
QID1773	about	1485.4871401916944
QID1774	the	727.2054794999843
QID1775	and	1673.2512213826824
QID1776	woman	1099.6374286675798
QID1777	i	834.6415776021714
QID1778	was	571.9451604535276
QID1779	a	417.2207866180851
QID1780	to	575.4470447458291
QID1781	the	414.5255065028828
QID1782	united	368.2344964177075
QID1783	i	330.0826360021218
QID1784	a	303.3655287371199
QID1785	new	282.43368409999795
QID1786	of	247.47102700895636
QID1787	the	224.4613712552336
QID1788	lake	218.0223299670345
QID1789	pepper	187.69531056466053
QID1790	half	195.1047956093251
QID1791	and	212.05522341272507
QID1792	had	212.1565713980252
QID1793	n	214.00733226577617
QID1794	into	247.3926774351586
QID1795	the	210.5219745958401
QID1796	room	200.98064979214354
QID1797	of	207.99809984994286
QID1798	the	187.0139274901141
QID1799	collection	239.87615611688187
QID1800	she	276.03973315492425
QID1801	went	255.61391384014672
QID1802	with	263.83735226936636
QID1803	proud	249.74062076368878
QID1804	a	244.50299386347191
QID1805	proud	249.74062076368878
QID1806	the	213.09273783950186
QID1807	was	202.2117630945989
QID1808	of	72.05058720238773
QID1809	was	102.66779556702241
QID1810	film	167.2430737090592
QID1811	and	187.14148305113798
QID1812	been	148.56211059193205
QID1813	be	110.86118208350224
QID1814	with	121.7139232597366
QID1815	the	85.39005488140583
QID1816	the	123.3926608600187
QID1817	and	203.79044343517094
QID1818	and	508.91658160492216
QID1819	power	544.0717185749093
QID1820	to	518.7513988545646
QID1821	the	872.0718470073102
QID1822	the	642.28364010672
QID1823	were	790.8660425321979
QID1824	going	625.8496393561398
QID1825	i	449.79592669146604
QID1826	was	370.24117457301526
QID1827	a	350.229414525027
QID1828	used	376.8598197849328
QID1829	other	352.8820074249244
QID1830	of	372.34806106856945
QID1831	it	329.62960133687847
QID1832	in	397.42279326930293
QID1833	the	378.3665537477191
QID1834	intensify	448.417572704414
QID1835	the	489.7554741166721
QID1836	as	475.3739991039495
QID1837	are	459.35906412562395
QID1838	well	445.34959417613516
QID1839	as	375.0779963986751
QID1840	the	332.53594520530936
QID1841	were	348.7969328208075
QID1842	and	323.6690086098496
QID1843	the	296.4191256026193
QID1844	that	323.8788975270267
QID1845	the	329.3689865703122
QID1846	get	309.65180026517254
QID1847	what	34.539288647108044
QID1848	the	38.91145938262266
QID1849	i	48.66577290442362
QID1850	from	200.4694534456013
QID1851	the	120.8378282597017
QID1852	distance	170.86454283894187
QID1853	community	184.804079080798
QID1854	and	189.95096753032033
QID1855	in	141.54533225748366
QID1856	on	274.92741223732054
QID1857	the	207.11374079869478
QID1858	single	204.79243113224032
QID1859	york	184.3129400674009
QID1860	and	135.7051747493837
QID1861	were	131.65460430247464
QID1862	to	157.55262431711955
QID1863	counseling	218.77085868721252
QID1864	of	226.86076571184523
QID1865	but	234.87825367692577
QID1866	you	208.83253080530423
QID1867	player	205.37075738277377
QID1868	were	235.76485815859297
QID1869	been	228.50198035009683
QID1870	and	228.18558516815872
QID1871	out	263.48893370798055
QID1872	up	275.4426805744179
QID1873	and	325.62569161778396
QID1874	the	340.9446479330158
QID1875	subject	306.9379015719717
QID1876	york	320.41491294751233
QID1877	health	371.8659249697694
QID1878	number	356.13095474237736
QID1879	the	300.89576185556706
QID1880	i	287.4921396553925
QID1881	other	287.63158711118683
QID1882	york	265.98717332409444
QID1883	health	303.25087986613033
QID1884	and	306.8693921145645
QID1885	have	309.65918287835854
QID1886	mean	302.920974791786
QID1887	say	180.05766957040575
QID1888	the	89.54931929332194
QID1889	and	269.3699288436773
QID1890	been	280.9401041024852
QID1891	down	442.81932444332875
QID1892	the	246.4385509552159
QID1893	little	249.66680390001838
QID1894	stand	367.323618213456
QID1895	foundation	259.3989877315187
QID1896	by	207.18396432778525
QID1897	the	146.3569062836647
QID1898	years	190.2832054093814
QID1899	and	202.1335714602288
QID1900	to	206.37524068814312
QID1901	get	173.95389992397003
QID1902	the	160.3900901617666
QID1903	to	156.12503342189865
QID1904	the	136.87091787806585
QID1905	moment	127.56479037134737
QID1906	to	128.44882459974025
QID1907	the	109.36355828256326
QID1908	new	118.16414487852667
QID1909	supply	131.0440586715147
QID1910	and	106.32399391706949
QID1911	that	116.42757797488468
QID1912	were	113.8785298951171
QID1913	have	100.26776188675582
QID1914	to	90.54174969399568
QID1915	lot	90.20093583206815
QID1916	trip	95.84525551773183
QID1917	to	98.3437330499328
QID1918	a	96.51309107886183
QID1919	other	95.49309989876734
QID1920	number	107.0429141844104
QID1921	the	107.84648757294187
QID1922	was	139.08393761903707
QID1923	is	148.1125206575967
QID1924	are	161.04684874892047
QID1925	found	160.1101275024015
QID1926	have	151.48734340863254
QID1927	what	141.3730871274243
QID1928	to	132.1340841350702
QID1929	hell	134.1069914968375
QID1930	and	159.6482201668943
QID1931	hailed	151.69775599732802
QID1932	and	231.40347113218144
QID1933	that	358.4002772873498
QID1934	the	120.74876991477089
QID1935	new	142.08811557352215
QID1936	bit	197.32461967427318
QID1937	cars	303.6938825982758
QID1938	cruises	413.5438788439241
QID1939	in	772.7753460209104
QID1940	the	1186.6355632552973
QID1941	film	897.7172392512701
QID1942	and	894.9139395564554
QID1943	in	996.6677715155658
QID1944	refer	1096.51490499677
QID1945	a	1000.1276640805431
QID1946	first	777.6595484349036
QID1947	and	896.2110725414769
QID1948	in	849.0408522771833
QID1949	the	832.7648553997343
QID1950	and	758.1218232819118
QID1951	the	641.392415381746
QID1952	first	644.8120678054994
QID1953	and	565.2771780774638
QID1954	been	528.8765846506893
QID1955	of	569.4560418002267
QID1956	things	543.8166563068417
QID1957	the	611.7273229032618
QID1958	man	563.4034501898161
QID1959	is	622.5754573028635
QID1960	a	544.1560147623725
QID1961	a	551.1345883679993
QID1962	years	550.7494615375142
QID1963	long	650.223341577451
QID1964	and	566.7369983244738
QID1965	wide	502.87923075383463
QID1966	he	541.8142556828954
QID1967	a	602.7668496959004
QID1968	annual	574.3859241218532
QID1969	cave	631.9568249285431
QID1970	letters	726.6631702487728
QID1971	a	683.5004058772703
QID1972	been	662.4690188171367
QID1973	a	608.6271880589325
QID1974	at	611.897105714611
QID1975	the	550.2837066794435
QID1976	per	678.5511278161014
QID1977	are	25.207459245786197
QID1978	can	230.59625799984994
QID1979	to	332.24421951979184
QID1980	be	129.67945302811626
QID1981	a	86.61478457703403
QID1982	than	85.39701087093441
QID1983	cylinders	248.3792866910543
QID1984	the	216.50813858283144
QID1985	and	339.5971903336992
QID1986	she	503.2704990289694
QID1987	the	388.92284972910284
QID1988	united	318.19121709520033
QID1989	of	260.5843459485944
QID1990	the	294.6145933799186
QID1991	and	447.95981699397083
QID1992	and	496.7139516424374
QID1993	the	466.4348676373714
QID1994	other	409.3999072676776
QID1995	bit	447.69321852153814
QID1996	the	478.8936094127857
QID1997	be	506.98785821131105
QID1998	to	458.4737243166332
QID1999	the	390.681268256067
QID2000	performances	518.5044281809081
QID2001	and	689.7871914726851
QID2002	onto	671.1763570553356
QID2003	a	625.5286052685967
QID2004	the	745.4088793158504
QID2005	and	985.2904172017365
QID2006	the	926.6956432099846
QID2007	and	1027.4033660008142
QID2008	simple	1403.6429195124017
QID2009	to	1434.4271057030637
QID2010	get	1268.4345741409923
QID2011	the	1234.6307355867377
QID2012	and	1271.5909247864238
QID2013	the	1169.0481218923594
QID2014	own	1139.2208572906943
QID2015	and	1005.9763062546529
QID2016	the	1127.200765289493
QID2017	while	1121.8609498081169
QID2018	another	1123.3129044060302
QID2019	a	1226.4416442978888
QID2020	glimpse	1094.3036800849284
QID2021	and	1144.3349483194684
QID2022	you	1087.2536581707157
QID2023	names	1552.7244743664094
QID2024	and	494.0165296216761
QID2025	be	375.263882247747
QID2026	a	424.2594932664941
QID2027	difference	267.68639063533766
QID2028	of	968.5659911646304
QID2029	than	1784.6118002029034
QID2030	i	1014.4096662087052
QID2031	the	1220.8753044799764
QID2032	new	1018.1718439003503
QID2033	with	1118.4076357260105
QID2034	the	971.0893330032341
QID2035	a	808.9650114818583
QID2036	the	696.3354391195318
QID2037	time	563.3181434592086
QID2038	point	582.6844354075948
QID2039	in	446.2432600889418
QID2040	the	604.7676533174301
QID2041	up	941.0577640853461
QID2042	from	884.5397391740785
QID2043	liquids	765.106206233872
QID2044	and	716.7184544105306
QID2045	the	644.131153229302
QID2046	a	573.0391398540474
QID2047	in	525.7381940696803
QID2048	i	547.5882180491741
QID2049	the	463.8364289140985
QID2050	feeling	542.3446258369388
QID2051	into	526.3177886998716
QID2052	sweat	531.306541211295
QID2053	and	500.3080566086852
QID2054	door	468.44766503188765
QID2055	a	455.7400348763696
QID2056	new	412.5188342591541
QID2057	that	388.6978419245702
QID2058	a	455.7400348763696
QID2059	village	350.0035159365583
QID2060	and	330.57086640722576
QID2061	of	318.158921198728
QID2062	was	290.1782083589991
QID2063	the	288.60152467848275
QID2064	to	309.31056523460705
QID2065	the	283.0987771114008
QID2066	to	296.3743969442495
QID2067	and	265.7955353087094
QID2068	the	272.03221874618146
QID2069	explosion	266.3046583643775
QID2070	first	23.401637324864563
QID2071	time	17.29621044668602
QID2072	in	29.956657812755555
QID2073	the	25.1535942964267
QID2074	a	34.46652854067754
QID2075	to	41.736428101291025
QID2076	the	35.28217318622035
QID2077	the	87.71265408600591
QID2078	effects	84.49497152885625
QID2079	of	59.492791490219254
QID2080	the	46.6384135785116
QID2081	lady	63.64333059770048
QID2082	and	64.10368483218889
QID2083	a	57.37244508948759
QID2084	be	57.99167145878546
QID2085	the	65.02075515826975
QID2086	of	77.20279184313024
QID2087	liquid	110.88599579681576
QID2088	present	105.49185225225612
QID2089	clause	123.94479535097113
QID2090	of	143.55769094007215
QID2091	the	122.0028717822715
QID2092	united	119.22322392920931
QID2093	of	125.0936047237748
QID2094	the	131.4670635422389
QID2095	of	134.15957877030053
QID2096	the	116.8619158649822
QID2097	united	114.82441952960708
QID2098	of	114.14642410734658
QID2099	was	120.5873583660547
QID2100	a	112.31091182771186
QID2101	a	108.80238947817337
QID2102	by	102.90220794163473
QID2103	the	92.90198415407089
QID2104	time	91.00279579850859
QID2105	civil	88.68210104040446
QID2106	and	88.37355360425126
QID2107	well	86.21395794437298
QID2108	was	84.70918556886714
QID2109	from	89.58016006776367
QID2110	the	88.96651051827503
QID2111	introduced	100.41653207943698
QID2112	in	95.12404365447583
QID2113	named	96.06800569794828
QID2114	the	93.52473529934457
QID2115	the	92.40531899734594
QID2116	is	948.7074705052463
QID2117	the	505.34837079166266
QID2118	and	58.649561647921885
QID2119	no	211.6493000500815
QID2120	a	167.70098914047855
QID2121	years	234.5541236032536
QID2122	of	151.95475558729274
QID2123	age	98.56037759933263
QID2124	life	127.59437464208904
QID2125	and	105.9196125720811
QID2126	to	129.7049894901718
QID2127	the	99.05350705132287
QID2128	united	95.11434196460287
QID2129	of	92.5539446385901
QID2130	the	75.67515822456735
QID2131	sciences	91.64023045313152
QID2132	and	84.15940526109544
QID2133	the	75.10939692218575
QID2134	of	72.72019663673223
QID2135	all	64.3659850488162
QID2136	i	57.81323119976433
QID2137	eyes	61.261022097752345
QID2138	works	79.93162798800647
QID2139	to	72.27688034592471
QID2140	made	75.71849263763167
QID2141	on	81.3346232452823
QID2143	and	159.36001202151215
QID2144	i	183.20791046373847
QID2145	eyes	186.32021332829143
QID2146	education	207.47591266499006
QID2147	was	239.22071523687777
QID2148	in	258.3810693667537
QID2149	the	229.38323860893803
QID2150	eyes	229.7919182409367
QID2151	for	264.2091006074729
QID2152	the	258.76793578180326
QID2153	of	245.0400139054363
QID2154	the	221.8079237476692
QID2155	of	245.0400139054363
QID2156	years	228.42556509583346
QID2157	who	213.2845105658322
QID2158	the	238.8194370632432
QID2159	album	228.23975637938622
QID2160	to	227.00946990555732
QID2161	the	213.04970373464533
QID2162	in	213.64107442478607
QID2163	be	210.17684225109113
QID2164	a	26.467282070345878
QID2165	and	509.1431197519725
QID2166	up	1863.2527809880214
QID2167	to	1286.6975408972885
QID2168	the	479.9281075137701
QID2170	deaths	827.9634938384864
QID2171	of	919.0538764832197
QID2173	gases	1274.3257024349607
QID2174	emitted	930.5059714575156
QID2175	the	608.1425420975604
QID2176	room	510.42674937393235
QID2177	and	355.2963562174694
QID2178	in	495.06421273512746
QID2179	ocean	580.9882667913839
QID2180	and	720.9586503294043
QID2181	have	751.8315859155803
QID2182	and	713.4115708947452
QID2183	was	1042.1352869396667
QID2184	the	900.8499698846011
QID2185	the	884.3915660162403
QID2186	information	876.091537675728
QID2187	dioxide	773.3423352043277
QID2188	the	660.6277498010322
QID2189	man	608.5502108531989
QID2190	information	876.091537675728
QID2191	dioxide	773.3423352043277
QID2192	and	595.0417815727515
QID2193	the	774.1404322276895
QID2194	surface	816.7454029789076
QID2195	and	788.2767616677472
QID2196	was	726.390012078618
QID2197	and	595.0417815727515
QID2198	the	725.4191299764731
QID2199	process	669.2368868777684
QID2200	of	747.3166161901289
QID2201	the	663.0459197553005
QID2202	norway	670.434995940935
QID2203	and	734.3404797540237
QID2204	the	725.4191299764731
QID2205	other	650.5658044088955
QID2206	of	747.3166161901289
QID2207	the	556.046074099064
QID2208	the	599.5996243087552
QID2209	than	570.9486872756449
QID2210	dioxide	588.3550710890154
QID2211	the	38.73525981177807
QID2212	the	59.71582406604717
QID2213	100	63.38138251558014
QID2214	months	113.94988703522085
QID2215	molecules	345.56200889801084
QID2216	and	328.15187936676836
QID2217	can	381.5581818431824
QID2218	and	347.46652823801
QID2219	to	362.61069798182916
QID2220	of	311.72004524273115
QID2221	a	415.4795182683109
QID2222	a	347.71477462767194
QID2223	the	285.132768301555
QID2224	united	259.13319929133183
QID2225	of	313.46733836850444
QID2226	he	222.82440777537468
QID2227	man	211.55853558877982
QID2228	of	175.57883249421062
QID2229	in	199.04100960935074
QID2230	to	198.87062239797356
QID2231	the	170.0618873708962
QID2232	and	199.00490356785784
QID2233	in	188.5513253270503
QID2234	though	180.85840160003514
QID2235	the	173.49239988589903
QID2236	were	164.1630929951767
QID2237	up	165.76605420792347
QID2238	in	151.05895853861443
QID2239	a	144.83954304726618
QID2240	cans	190.1748962815676
QID2241	the	181.11557913053383
QID2242	national	175.07708774911757
QID2243	of	174.76927819596054
QID2244	is	168.94948867173204
QID2245	the	162.98749889327203
QID2246	and	173.96441380058445
QID2247	of	174.76927819596054
QID2248	the	142.49848671607845
QID2249	other	140.82666258581548
QID2250	the	139.38742109871035
QID2251	surgery	164.66284379036233
QID2252	and	160.81581177127413
QID2253	the	181.66643879575395
QID2254	forms	188.09566845149905
QID2255	of	184.47188084464116
QID2256	thousands	174.60896554876751
QID2257	ago	167.9836980750844
QID2258	come	164.3179942194496
QID2259	a	26.467282070345878
QID2260	the	37.99653736976732
QID2261	united	35.39601476881884
QID2262	states	18.338082405665517
QID2263	and	15.646900024907925
QID2264	footballer	56.936984038681764
QID2265	in	105.41226631924646
QID2266	that	112.14297466005137
QID2267	to	191.89640392204979
QID2268	the	219.78526719327883
QID2269	city	194.37761893057308
QID2270	and	168.9704355097432
QID2271	the	147.2047086593187
QID2272	the	163.117774482582
QID2273	and	296.2953192188541
QID2274	on	240.38682505295586
QID2275	of	230.48346722932982
QID2276	the	200.40330017877517
QID2277	years	209.68060988005956
QID2278	dollars	191.0116951205573
QID2279	i	152.96987659892835
QID2280	it	220.1885846182855
QID2281	than	224.88070079790745
QID2282	a	199.5956713763504
QID2283	of	185.53888110658949
QID2284	of	197.85594219766972
QID2285	a	186.51108600550685
QID2286	the	213.77869539083233
QID2287	is	203.88948853493952
QID2288	the	196.54191428880728
QID2289	out	221.34737355624554
QID2290	of	193.01987259442896
QID2291	the	172.38874153844327
QID2292	united	168.25134344111578
QID2293	and	166.4462151765707
QID2294	a	159.70081311182844
QID2295	village	152.45682047730566
QID2296	scene	160.5741518846766
QID2297	by	149.44536029493634
QID2298	death	137.04891327261888
QID2299	to	124.79279130163974
QID2300	the	116.49225840126947
QID2301	years	116.9207681517956
QID2302	later	111.5292878245824
QID2303	the	104.82358681843192
QID2304	later	111.5292878245824
QID2305	the	97.81416771026042
QID2306	united	95.48493174281003
QID2307	states	87.93972642826397
QID2308	example	37.231309202709255
QID2309	the	44.43136955113828
QID2310	and	146.34233744166534
QID2311	the	125.90582988566398
QID2312	at	148.77820075671005
QID2313	the	100.71456677993544
QID2314	time	91.89996118612841
QID2315	of	106.42581056450544
QID2316	the	79.71535233700112
QID2317	united	78.87252914951326
QID2318	was	85.25965761254737
QID2319	a	81.1513017618474
QID2320	help	87.34417615418361
QID2321	of	73.98872436490926
QID2322	the	63.256369857680305
QID2323	it	108.7514300916935
QID2324	came	156.38928739206025
QID2325	the	144.24906975511735
QID2326	as	150.8086396152787
QID2327	he	152.92351844084948
QID2328	first	153.5322116832775
QID2329	was	144.26016458606952
QID2330	setting	132.40857471038112
QID2331	first	126.73086094462839
QID2332	point	134.38453849793785
QID2333	the	119.5172504821735
QID2334	united	113.95561731829297
QID2335	and	106.87627565320719
QID2336	the	99.61490096498558
QID2337	in	115.63606315082362
QID2338	be	121.68288339160475
QID2339	up	133.16577330833837
QID2340	own	132.62758347775434
QID2341	and	156.05823650556735
QID2342	the	146.46581474371388
QID2343	time	154.01355200119608
QID2344	contradiction	172.97581214753052
QID2345	time	171.5230546807627
QID2346	the	149.69596208059124
QID2347	though	150.49031280968754
QID2348	the	140.8485762421588
QID2349	of	141.5919740166855
QID2350	in	150.56324187661536
QID2351	be	151.74400764581188
QID2352	be	153.3162095908538
QID2353	seen	144.86445080590525
QID2354	the	146.5847164029794
QID2355	new	149.9988775577983
QID2356	different	150.26905975413007
QID2357	from	143.30899257906663
QID2358	the	36.24658071203149
QID2359	first	46.500189156340696
QID2360	york	30.22957445002458
QID2361	record	47.69205177691408
QID2362	a	55.972972272945
QID2363	published	66.6063685015375
QID2364	in	57.16241856771694
QID2365	was	62.249404282275364
QID2366	a	53.73450092631481
QID2367	in	58.383129430032966
QID2368	be	44.11909724582706
QID2369	and	43.91564535480187
QID2370	the	46.72841985404717
QID2371	one	46.407705296967
QID2372	and	47.2018352088045
QID2373	known	61.876049496265864
QID2374	with	65.11539817290313
QID2375	trout	61.43871977877381
QID2376	and	66.41968875676551
QID2377	animals	59.284807464706105
QID2378	and	66.41968875676551
QID2379	the	46.7347295838512
QID2380	by	59.803326958941454
QID2381	the	54.29609487000108
QID2382	group	56.541811219227185
QID2383	deal	57.49984807204498
QID2384	of	57.8689706619237
QID2385	in	65.91474877533729
QID2386	the	62.7831532224487
QID2387	of	64.27586230296549
QID2388	the	58.180913390613945
QID2389	and	78.12153484095
QID2390	the	73.06682723597987
QID2391	he	84.95508541056317
QID2392	most	86.54948079173832
QID2393	and	78.12153484095
QID2394	animals	89.32900389003161
QID2395	and	79.02183829472892
QID2396	you	82.98635593756026
QID2397	for	80.89686432808372
QID2398	only	78.98362564196569
QID2399	and	82.18258962469345
QID2400	the	85.45726581272969
QID2401	in	85.81428144217026
QID2402	the	90.03385393803386
QID2403	from	90.19130882118948
QID2404	the	84.51515341129208
QID2405	of	83.77141367857274
QID2406	to	87.36675108346529
QID2407	the	85.25790061415904
QID2408	united	83.64043550452922
QID2409	man	85.54278085361632
QID2410	football	369.9425687841116
QID2411	classification	594.9078044167258
QID2412	be	839.2347110058171
QID2413	be	314.40051841709396
QID2414	what	298.88355084742824
QID2415	and	163.40431159216055
QID2416	i	124.56178114467
QID2417	over	247.80273877324856
QID2418	the	179.10509397146856
QID2419	and	196.87528577143118
QID2420	the	170.87019264217545
QID2421	the	306.74939076308414
QID2422	state	269.28420256119745
QID2423	government	231.68922358718382
QID2424	decision	179.65453657742546
QID2425	authority	198.81735173936463
QID2426	of	224.94213269705088
QID2427	be	209.85802047724115
QID2428	disagree	314.40258961555213
QID2429	the	456.68723770423725
QID2430	and	878.8904763863577
QID2431	to	373.15086157798044
QID2432	make	344.93094611926955
QID2433	i	288.67171450863765
QID2434	is	272.03098726840784
QID2435	in	300.9836767624818
QID2436	album	288.29869855158154
QID2437	of	288.723443174536
QID2438	to	313.65848743618847
QID2439	to	328.4898832547026
QID2440	take	303.52367317402405
QID2441	the	277.95947322450866
QID2442	army	266.83946191207195
QID2443	of	258.6310133642793
QID2444	the	248.67950358707165
QID2445	way	253.0960276432657
QID2446	heart	263.5919997000724
QID2447	of	247.40076320233092
QID2448	the	221.19799293427678
QID2449	united	215.62563529794346
QID2450	to	211.67286288280692
QID2451	which	201.07708589190122
QID2452	the	186.14404257001488
QID2453	and	244.17388040262702
QID2454	the	297.45378163066016
QID2455	that	289.13861385447
QID2456	would	272.86464726185045
QID2457	not	259.28144082445675
QID2458	me	284.8949737796024
QID2459	life	276.3588575513798
QID2460	of	252.7948786183257
QID2461	of	244.49368763349946
QID2462	the	227.00005315214798
QID2463	is	1125.3704801122867
QID2464	a	224.4944800377347
QID2465	village	129.60685822393702
QID2466	of	177.13110435428086
QID2467	for	99.70019536379708
QID2468	the	62.841634665187925
QID2469	the	72.34197779624266
QID2470	and	113.50254599351214
QID2471	the	89.86685604443703
QID2472	and	57.70671283452942
QID2473	was	58.542823029276605
QID2474	i	51.7194820297264
QID2475	re	50.12057234636528
QID2476	and	45.73874201787644
QID2477	a	43.83925024213497
QID2478	and	52.06974816198772
QID2479	the	48.834678455631405
QID2480	best	47.9837725382349
QID2481	and	56.24430498093718
QID2482	of	61.58124510604584
QID2483	the	53.9973297628775
QID2484	and	56.42749665500701
QID2485	the	55.289893817527556
QID2486	and	49.83782930232718
QID2487	the	51.936282819974394
QID2488	and	58.13741038599607
QID2489	he	55.88117094684081
QID2490	the	59.89306462814655
QID2491	a	58.90520177577054
QID2492	not	57.17503671987887
QID2493	a	60.73348355657361
QID2494	and	54.87033883010387
QID2495	and	73.94534421207945
QID2496	the	72.508039207941
QID2497	best	73.46298652328963
QID2498	and	82.4549763533846
QID2499	the	89.50874882078297
QID2500	the	93.60699035882642
QID2501	and	106.9475477900683
QID2502	of	97.22630527974215
QID2503	the	88.80801202230059
QID2504	and	90.47743416871525
QID2505	the	89.4123842300687
QID2506	top	87.87649037949845
QID2507	and	85.3518531783199
QID2508	the	87.45788201580594
QID2509	the	87.70302107553404
QID2510	and	94.33877222615857
QID2511	and	102.90779624914059
QID2512	of	98.99590634357108
QID2513	the	91.77199859933917
QID2514	and	92.45129330104722
QID2515	the	90.78875368151535
QID2516	the	36.24658071203149
QID2517	was	32.69085139233888
QID2518	to	19.884595019580054
QID2519	the	16.672275450483905
QID2520	a	34.05389549357583
QID2521	good	33.5494426997383
QID2522	impression	54.06601270836143
QID2523	more	62.550157678328254
QID2524	the	113.56892471673396
QID2525	and	97.70239243784529
QID2526	name	137.03219902972208
QID2527	that	172.03986049813489
QID2528	that	142.54392736663752
QID2529	the	117.54276791051403
QID2530	of	161.67290336026886
QID2531	to	176.49434889731037
QID2532	the	142.6412960438267
QID2533	room	170.55698366811248
QID2534	life	204.0219726547586
QID2535	of	186.8433359024143
QID2536	a	175.01148059045937
QID2537	i	175.58606708360395
QID2538	i	182.33140147377958
QID2539	few	187.85116097032636
QID2540	york	187.24125235028808
QID2541	by	186.19475410448513
QID2542	that	163.68182083591202
QID2543	the	146.01830386535084
QID2544	a	135.23379989419928
QID2545	a	126.91112474031667
QID2546	i	126.28485640837927
QID2547	he	139.2830351993901
QID2548	are	131.05994875148542
QID2549	like	138.58146931569163
QID2550	way	129.74385516112397
QID2551	is	152.83827928710105
QID2552	but	140.39962033025546
QID2553	a	130.46044705774793
QID2554	or	141.13017713045204
QID2555	are	137.73581284052685
QID2556	a	131.8669177608655
QID2557	of	132.19645035976168
QID2558	a	131.8669177608655
QID2559	or	141.13017713045204
QID2560	can	118.90323399139466
QID2561	to	113.95830194371231
QID2562	be	108.9098594061672
QID2563	and	105.26538910658867
QID2564	though	104.76103385509523
QID2565	it	100.26456817444715
QID2566	what	97.56484821443333
QID2567	important	98.41670534018967
QID2568	that	95.8923324809279
QID2569	enough	104.1141967060352
QID2570	hand	105.2718133152118
QID2571	the	19.396007152141035
QID2572	time	19.247805908666642
QID2573	of	13.527431204160157
QID2574	two	27.607602313865446
QID2575	revolution	35.55708979521008
QID2576	in	46.95063668916654
QID2577	the	111.6141458781895
QID2578	of	144.75293063375054
QID2579	the	95.44494280837394
QID2580	own	106.60423647792135
QID2581	from	109.13934705588129
QID2582	the	109.75634314629043
QID2583	a	116.3663385950836
QID2584	bonds	131.4836694856748
QID2585	he	106.64729342576273
QID2586	the	105.84214360767537
QID2587	and	143.23676264126215
QID2588	the	131.7207381872463
QID2589	to	117.96944628317246
QID2590	be	111.98721963861668
QID2591	the	102.46216602392657
QID2592	and	89.20920500624398
QID2593	first	92.4729517889065
QID2594	of	88.1177888886074
QID2595	and	89.20920500624398
QID2596	are	187.90532333469463
QID2597	and	195.11762140380657
QID2598	in	212.12563755801906
QID2599	i	198.10540165708832
QID2600	man	193.64615804677348
QID2601	for	208.77190530548913
QID2602	of	196.01640258281935
QID2603	the	176.2805416264194
QID2604	are	187.90532333469463
QID2605	are	192.66068089423456
QID2606	and	214.63549838231526
QID2607	the	200.08221938117205
QID2608	other	196.0576145140054
QID2609	for	202.37447475589926
QID2610	a	207.5214729788721
QID2611	of	223.620353238077
QID2612	the	206.88824565857146
QID2613	descent	221.55818014022978
QID2614	i	244.6635382978766
QID2615	the	206.88824565857146
QID2616	revolution	253.0165974063262
QID2617	and	252.3089233653554
QID2618	the	246.62045009421612
QID2619	of	246.31689765524771
QID2620	a	237.5320677452256
QID2621	heir	237.87285116709052
QID2622	way	244.11469982989192
QID2623	to	226.02289077102466
QID2624	life	223.25665387691097
QID2625	the	226.12737207147296
QID2686	was	1918.632894794157
QID2688	did	1244.7306076389702
QID2689	the	1740.9777794884303
QID2690	the	3019.630239432261
QID2691	of	1253.2987698193335
QID2692	dozen	733.8068319939933
QID2693	dollars	475.3651991521415
QID2694	and	370.5326666845814
QID2695	new	343.7324634330303
QID2696	number	279.0941606336469
QID2697	and	224.32616068118105
QID2698	was	197.46636238614315
QID2699	was	180.49605200757975
QID2700	moved	190.02776955076686
QID2701	a	169.80385352499576
QID2702	more	190.28704320275065
QID2703	than	201.77431542059315
QID2704	size	186.99102487819792
QID2705	way	205.49873666810257
QID2706	of	168.71509352824322
QID2707	the	155.3908620777112
QID2708	edge	231.6623972998051
QID2709	i	245.46977654169018
QID2710	the	273.90699816469953
QID2711	and	427.91255737862343
QID2712	a	383.3493962961298
QID2713	member	349.9789082330597
QID2714	good	339.4613912301419
QID2715	in	328.96402788052916
QID2716	good	339.4613912301419
QID2717	and	302.27092417783183
QID2718	to	291.56523132868335
QID2719	be	271.0033099784935
QID2720	a	264.3022316148819
QID2721	member	252.74588612500457
QID2722	to	291.56523132868335
QID2723	the	294.8273471158671
QID2724	united	283.91893556145095
QID2725	and	303.7092277229758
QID2726	influential	286.31154239676323
QID2727	and	262.4194471343409
QID2728	and	257.13336294676117
QID2729	to	250.9927068617489
QID2730	i	248.89009452246643
QID2731	was	232.6753756388207
QID2732	longer	230.97653188477136
QID2733	be	220.4907777926942
QID2734	the	209.5437803661083
QID2735	be	196.44092212475343
QID2736	a	215.21477808839768
QID2737	claim	199.63910484831675
QID2739	of	229.11740675057035
QID2740	a	234.80672395477322
QID2741	day	237.9652673412046
QID2742	of	240.4525579606645
QID2743	car	270.3442833832812
QID2744	the	263.6951857596053
QID2745	lie	291.38372154114813
QID2746	and	315.25920284614733
